<?xml version="1.0" encoding="utf-8"?>
<install type="component" version="1.5.0">
    <name>Chem</name>
    <!-- The following elements are optional and free of formatting constraints -->
    <creationDate>2015-07-04</creationDate>
    <author>Nick Korbut</author>
    <authorEmail>nick.korbut@gmail.com</authorEmail>
    <authorUrl>http://katapulta.com.ua</authorUrl>
    <copyright>SigmaSoft</copyright>
    <license>SigmaSoft</license>
    <!--  The version string is recorded in the components table -->
    <version>1.01</version>
    <!-- The description is optional and defaults to the name -->
    <description>Component for chemicals</description>

    <!-- Site Main File Copy Section -->
    <!-- Note the folder attribute: This attribute describes the folder
         to copy FROM in the package to install therefore files copied
         in this section are copied from /site/ in the package -->
    <files folder="site">
        <filename>controller.php</filename>
        <filename>chem.php</filename>
        <filename>index.html</filename>
        <filename>views/index.html</filename>
        <filename>views/chem/index.html</filename>
        <filename>views/chem/view.html.php</filename>
        <filename>views/chem/tmpl/default.php</filename>
        <filename>views/chem/tmpl/index.html</filename>
        <filename>views/assets/chem.css</filename>
        <filename>views/assets/index.html</filename>
        <filename>marvin/marvinpack.html</filename>
        <filename>marvin/gui/0311BAE16F19A3AD36EC493B10B1ECAD.cache.js</filename>
        <filename>marvin/gui/13DC16C4F75D00391F5DB719AE755121.cache.js</filename>
        <filename>marvin/gui/27CB3DEA9F57160BBDC844C31111A716.cache.js</filename>
        <filename>marvin/gui/30674AEE5EC3FD974EB0113B57C30768.cache.js</filename>
        <filename>marvin/gui/7F5DE7AD38A0F5D4FFBB9DC3E4B265C8.cache.js</filename>
        <filename>marvin/gui/clear.cache.gif</filename>
        <filename>marvin/gui/E90EA8A0EFDEDACC464705F31B5D3510.cache.txt</filename>
        <filename>marvin/gui/gui.nocache.js</filename>
        <filename>marvin/gui/css/auto/clean.css</filename>
        <filename>marvin/gui/css/auto/gui.css</filename>
        <filename>marvin/gui/lib/promise-1.0.0.min.js</filename>
        <filename>marvin/js/marvinjslauncher.js</filename>
        <filename>marvin/js/lib/jquery-1.9.1.min.js</filename>
        <filename>marvin/js/lib/rainbow/github.css</filename>
        <filename>marvin/js/lib/rainbow/rainbow-custom.min.js</filename>
        <filename>marvin/js/lib/rainbow/twilight.css</filename>
        <filename>models/chem.php</filename>
    </files>

    <install>
        <sql>
            <file driver="mysql" charset="utf8">sql/install.mysql.sql</file>
        </sql>
    </install>

    <!-- Uninstall Database Section -->
    <uninstall>
        <sql>
            <file driver="mysql" charset="utf8">sql/uninstall.mysql.sql</file>
        </sql>
    </uninstall>

    <administration>
        <!-- Administration Menu Section -->
        <menu>Chem</menu>

        <!-- Administration Main File Copy Section -->
        <files folder="admin">
            <filename>sql/install.mysql.sql</filename>
            <filename>sql/uninstall.mysql.sql</filename>
            <filename>chem.php</filename>
            <filename>index.html</filename>
        </files>

    </administration>
</install>