<?xml version="1.0" encoding="utf-8"?>
<install type="component" version="1.5.0">
    <name>Chem</name>
    <!-- The following elements are optional and free of formatting constraints -->
    <creationDate>2015-07-04</creationDate>
    <author>Nick Korbut</author>
    <authorEmail>nick.korbut@gmail.com</authorEmail>
    <authorUrl>http://katapulta.com.ua</authorUrl>
    <copyright>SigmaSoft</copyright>
    <license>SigmaSoft</license>
    <!--  The version string is recorded in the components table -->
    <version>1.0.0</version>
    <!-- The description is optional and defaults to the name -->
    <description>Component for chemicals</description>

    <!-- Site Main File Copy Section -->
    <!-- Note the folder attribute: This attribute describes the folder
         to copy FROM in the package to install therefore files copied
         in this section are copied from /site/ in the package -->
    <files folder="site">
        <filename>controller.php</filename>
        <filename>chem.php</filename>
        <filename>index.html</filename>
        <filename>views/index.html</filename>
        <filename>views/chem/index.html</filename>
        <filename>views/chem/view.html.php</filename>
        <filename>views/chem/tmpl/default.php</filename>
        <filename>views/chem/tmpl/jsme.php</filename>
        <filename>views/chem/tmpl/index.html</filename>
        <filename>views/assets/chem.css</filename>
        <filename>views/assets/index.html</filename>
        <filename>models/chem.php</filename>\
        <folder>jsme</folder>
    </files>

    <install>
        <sql>
            <file driver="mysql" charset="utf8">sql/install.mysql.sql</file>
        </sql>
    </install>

    <!-- Uninstall Database Section -->
    <uninstall>
        <sql>
            <file driver="mysql" charset="utf8">sql/uninstall.mysql.sql</file>
        </sql>
    </uninstall>

    <administration>
        <!-- Administration Menu Section -->
        <menu>Chem</menu>

        <!-- Administration Main File Copy Section -->
        <files folder="admin">
            <filename>sql/install.mysql.sql</filename>
            <filename>sql/uninstall.mysql.sql</filename>
            <filename>tables/chem.php</filename>
            <filename>admin.chem.html.php</filename>
            <filename>admin.chem.php</filename>
            <filename>toolbar.chem.html.php</filename>
            <filename>toolbar.chem.php</filename>
            <filename>config.xml</filename>
            <filename>molecule.png</filename>
            <filename>chem.php</filename>
            <filename>index.html</filename>
        </files>

    </administration>
</install>